,test_id,RMSLE,Time for training [Sec]
0,1.0,0.11217020857517203,0.5585060119628906
1,2.0,0.10949918030755716,0.5944104194641113
2,3.0,0.115228053574773,0.5555284023284912
3,4.0,0.11816450584661566,0.5654873847961426
4,5.0,0.11187514108495031,0.5575096607208252
5,6.0,0.11041730445039545,0.5654866695404053
6,7.0,0.1075295716680083,0.6797106266021729
7,8.0,0.11693426251028068,0.5624959468841553
8,9.0,0.11882235079892459,0.5704736709594727
9,10.0,0.11441385613879874,0.576458215713501
