,test_id,RMSLE,Time for training [Sec]
0,1.0,0.11217019249748902,0.5744645595550537
1,2.0,0.1094991724424541,0.609370231628418
2,3.0,0.11522804649404317,0.5704739093780518
3,4.0,0.11816450527830848,0.5849423408508301
4,5.0,0.1118751335625276,0.5864315032958984
5,6.0,0.11041730314322525,0.5774557590484619
6,7.0,0.10752956777667341,0.5944082736968994
7,8.0,0.1169342640734199,0.5754611492156982
8,9.0,0.11882235154518062,0.5585029125213623
9,10.0,0.11441385285938607,0.581444263458252
