,test_id,RMSLE,Time for training [Sec]
0,1,0.112170192,0.557507277
1,2,0.109499172,0.62532711
2,3,0.115228046,0.579450607
3,4,0.118164505,0.570478439
4,5,0.111875134,0.575460911
5,6,0.110417303,0.555500031
6,7,0.107529568,0.592416048
7,8,0.116934264,0.539556503
8,9,0.118822352,0.554537296
9,10,0.114413853,0.572468281
